Workbook

Sheet Charter
A1: PROJECT CHARTER
A2: Simulated project for portfolio purposes, based on Oracle database operations experience. All figures are illustrative assumptions.
A4: Project Title | B4: Oracle 21c Database Migration & Upgrade Program
A5: Objective | B5: Migrate the company's production Oracle databases from legacy on-premise servers to a new Oracle 21c environment with zero data loss and less than 4 hours of planned downtime.
A6: In Scope | B6: Assessment of 12 databases, new server setup, data migration, backup and recovery configuration, user access migration, testing, go-live, and handover.
A7: Out of Scope | B7: Application code changes, hardware procurement, and end-user training.
A8: Key Deliverables | B8: Assessment report, migration plan, configured 21c environment, tested backup/recovery, UAT sign-off, go-live, and a handover document.
A9: Project Start Date | B9: 46328
A10: Project End Date | B10: =MAX(WBS_Schedule!F5:F20) -> 46409
A11: Duration (weeks) | B11: =ROUNDUP((B10-B9+1)/7,0) -> 12
A12: Budget (INR) | B12: 2500000
A13: Overall % Complete | B13: =SUMPRODUCT(WBS_Schedule!G5:G20,WBS_Schedule!I5:I20)/SUM(WBS_Schedule!G5:G20) -> 0
A14: Success Criteria | B14: No data loss; downtime under 4 hours; delivered within 5% of budget; UAT passed with zero critical defects.
A15: Key Risks | B15: Data corruption during migration, downtime overrun, resource unavailability, compatibility issues.
A17: STAKEHOLDERS
A18: Role | B18: Responsibility
A19: Sponsor | B19: Approves budget and scope
A20: Project Manager | B20: Plans, tracks, and reports
A21: DBA Lead | B21: Technical migration
A22: Application Owner | B22: UAT and sign-off
A23: Infrastructure Team | B23: Servers and network
A25: LEGEND & ASSUMPTIONS
A26: Blue text on yellow | B26: Input cells you can edit: Project Start Date, Budget, and on the WBS_Schedule sheet the Duration, Depends On and % Complete columns. Everything else recalculates automatically.
A27: Green text | B27: Values pulled from another sheet.
A28: Assumption | B28: Durations are in working days (Mon-Fri); weekends are skipped and public holidays are not modelled.
A29: Assumption | B29: Budget (INR 25,00,000), timeline and scope are illustrative assumptions for this simulated project.
A30: Assumption | B30: Tasks run one after another, so every task is on the critical path: any delay moves the Go-live date.

Sheet WBS_Schedule
A1: WORK BREAKDOWN STRUCTURE & SCHEDULE
A2: Edit the blue cells (Duration, Depends On, % Complete). Start and End dates calculate automatically from the dependency chain and the project start date on the Charter sheet.
A4: ID | B4: Task | C4: Phase | D4: Owner | E4: Start | F4: End | G4: Duration (working days) | H4: Depends On | I4: % Complete | J4: Milestone | K4: Critical Path
A5: 1.1 | B5: Kickoff and charter approval | C5: Planning | D5: Project Manager | E5: =WORKDAY(Charter!$B$9-1,1) -> 46328 | F5: =WORKDAY(E5,G5-1) -> 46329 | G5: 2 | H5: - | I5: 0 | J5: =IFERROR(INDEX(Milestones!$A$5:$A$9,MATCH(A5,Milestones!$B$5:$B$9,0)),"") | K5: Yes
A6: 1.2 | B6: Assess current databases | C6: Planning | D6: DBA Lead | E6: =WORKDAY(INDEX($F$5:$F$20,MATCH(H6,$A$5:$A$20,0)),1) -> 46330 | F6: =WORKDAY(E6,G6-1) -> 46336 | G6: 5 | H6: 1.1 | I6: 0 | J6: =IFERROR(INDEX(Milestones!$A$5:$A$9,MATCH(A6,Milestones!$B$5:$B$9,0)),"") | K6: Yes
A7: 1.3 | B7: Prepare migration plan | C7: Planning | D7: DBA Lead | E7: =WORKDAY(INDEX($F$5:$F$20,MATCH(H7,$A$5:$A$20,0)),1) -> 46337 | F7: =WORKDAY(E7,G7-1) -> 46342 | G7: 4 | H7: 1.2 | I7: 0 | J7: =IFERROR(INDEX(Milestones!$A$5:$A$9,MATCH(A7,Milestones!$B$5:$B$9,0)),"") -> Plan approved | K7: Yes
A8: 2.1 | B8: Set up new servers | C8: Setup | D8: Infrastructure Team | E8: =WORKDAY(INDEX($F$5:$F$20,MATCH(H8,$A$5:$A$20,0)),1) -> 46343 | F8: =WORKDAY(E8,G8-1) -> 46349 | G8: 5 | H8: 1.3 | I8: 0 | J8: =IFERROR(INDEX(Milestones!$A$5:$A$9,MATCH(A8,Milestones!$B$5:$B$9,0)),"") | K8: Yes
A9: 2.2 | B9: Install Oracle 21c | C9: Setup | D9: DBA Lead | E9: =WORKDAY(INDEX($F$5:$F$20,MATCH(H9,$A$5:$A$20,0)),1) -> 46350 | F9: =WORKDAY(E9,G9-1) -> 46352 | G9: 3 | H9: 2.1 | I9: 0 | J9: =IFERROR(INDEX(Milestones!$A$5:$A$9,MATCH(A9,Milestones!$B$5:$B$9,0)),"") | K9: Yes
A10: 2.3 | B10: Configure backup and recovery | C10: Setup | D10: DBA Lead | E10: =WORKDAY(INDEX($F$5:$F$20,MATCH(H10,$A$5:$A$20,0)),1) -> 46353 | F10: =WORKDAY(E10,G10-1) -> 46358 | G10: 4 | H10: 2.2 | I10: 0 | J10: =IFERROR(INDEX(Milestones!$A$5:$A$9,MATCH(A10,Milestones!$B$5:$B$9,0)),"") -> Environment ready | K10: Yes
A11: 3.1 | B11: Migrate test database | C11: Migration | D11: DBA Lead | E11: =WORKDAY(INDEX($F$5:$F$20,MATCH(H11,$A$5:$A$20,0)),1) -> 46359 | F11: =WORKDAY(E11,G11-1) -> 46365 | G11: 5 | H11: 2.3 | I11: 0 | J11: =IFERROR(INDEX(Milestones!$A$5:$A$9,MATCH(A11,Milestones!$B$5:$B$9,0)),"") | K11: Yes
A12: 3.2 | B12: Validate data integrity | C12: Migration | D12: DBA Lead | E12: =WORKDAY(INDEX($F$5:$F$20,MATCH(H12,$A$5:$A$20,0)),1) -> 46366 | F12: =WORKDAY(E12,G12-1) -> 46371 | G12: 4 | H12: 3.1 | I12: 0 | J12: =IFERROR(INDEX(Milestones!$A$5:$A$9,MATCH(A12,Milestones!$B$5:$B$9,0)),"") | K12: Yes
A13: 3.3 | B13: Migrate user access and roles | C13: Migration | D13: DBA Lead | E13: =WORKDAY(INDEX($F$5:$F$20,MATCH(H13,$A$5:$A$20,0)),1) -> 46372 | F13: =WORKDAY(E13,G13-1) -> 46374 | G13: 3 | H13: 3.2 | I13: 0 | J13: =IFERROR(INDEX(Milestones!$A$5:$A$9,MATCH(A13,Milestones!$B$5:$B$9,0)),"") | K13: Yes
A14: 4.1 | B14: Performance testing | C14: Testing | D14: DBA Lead | E14: =WORKDAY(INDEX($F$5:$F$20,MATCH(H14,$A$5:$A$20,0)),1) -> 46377 | F14: =WORKDAY(E14,G14-1) -> 46381 | G14: 5 | H14: 3.3 | I14: 0 | J14: =IFERROR(INDEX(Milestones!$A$5:$A$9,MATCH(A14,Milestones!$B$5:$B$9,0)),"") | K14: Yes
A15: 4.2 | B15: User acceptance testing (UAT) | C15: Testing | D15: Application Owner | E15: =WORKDAY(INDEX($F$5:$F$20,MATCH(H15,$A$5:$A$20,0)),1) -> 46384 | F15: =WORKDAY(E15,G15-1) -> 46388 | G15: 5 | H15: 4.1 | I15: 0 | J15: =IFERROR(INDEX(Milestones!$A$5:$A$9,MATCH(A15,Milestones!$B$5:$B$9,0)),"") | K15: Yes
A16: 4.3 | B16: Fix defects and retest | C16: Testing | D16: DBA Lead | E16: =WORKDAY(INDEX($F$5:$F$20,MATCH(H16,$A$5:$A$20,0)),1) -> 46391 | F16: =WORKDAY(E16,G16-1) -> 46394 | G16: 4 | H16: 4.2 | I16: 0 | J16: =IFERROR(INDEX(Milestones!$A$5:$A$9,MATCH(A16,Milestones!$B$5:$B$9,0)),"") -> UAT sign-off | K16: Yes
A17: 5.1 | B17: Go-live cutover | C17: Go-Live | D17: DBA Lead | E17: =WORKDAY(INDEX($F$5:$F$20,MATCH(H17,$A$5:$A$20,0)),1) -> 46395 | F17: =WORKDAY(E17,G17-1) -> 46398 | G17: 2 | H17: 4.3 | I17: 0 | J17: =IFERROR(INDEX(Milestones!$A$5:$A$9,MATCH(A17,Milestones!$B$5:$B$9,0)),"") -> Go-live | K17: Yes
... A20: 6.2 | B20: Project closure and lessons learned | C20: Handover | D20: Project Manager | E20: =WORKDAY(INDEX($F$5:$F$20,MATCH(H20,$A$5:$A$20,0)),1) -> 46408 | F20: =WORKDAY(E20,G20-1) -> 46409 | G20: 2 | H20: 6.1 | I20: 0 | J20: =IFERROR(INDEX(Milestones!$A$5:$A$9,MATCH(A20,Milestones!$B$5:$B$9,0)),"") -> Project closed | K20: Yes
B22: Total working days / project span | E22: =MIN(E5:E20) -> 46328 | F22: =MAX(F5:F20) -> 46409 | G22: =SUM(G5:G20) -> 60
B23: Critical Path = 'Yes' for all tasks because each task depends on the one before it (assumption).

Sheet Gantt
A1: GANTT CHART: Oracle 21c Database Migration & Upgrade Program
A2: Chart updates automatically from the WBS_Schedule sheet. Columns are weeks (week-start date shown). Diamond = milestone.
G4: W1 | H4: W2 | I4: W3 | J4: W4 | K4: W5 | L4: W6 | M4: W7 | N4: W8 | O4: W9 | P4: W10 | Q4: W11 | R4: W12 | S4: W13 | T4: W14
A5: ID | B5: Task | C5: Phase | D5: Start | E5: End | F5: Milestone | G5: =Charter!$B$9-WEEKDAY(Charter!$B$9,2)+1 -> 46328 | H5: =G5+7 -> 46335 | I5: =H5+7 -> 46342 | J5: =I5+7 -> 46349 | K5: =J5+7 -> 46356 | L5: =K5+7 -> 46363 | M5: =L5+7 -> 46370 | N5: =M5+7 -> 46377 | O5: =N5+7 -> 46384 | ... T5: =S5+7 -> 46419
A6: =WBS_Schedule!A5 -> 1.1 | B6: =WBS_Schedule!B5 -> Kickoff and charter approval | C6: =WBS_Schedule!C5 -> Planning | D6: =WBS_Schedule!E5 -> 46328 | E6: =WBS_Schedule!F5 -> 46329 | F6: =WBS_Schedule!J5 | G6: =IF(AND($F6<>"",$E6>=G$5,$E6<=G$5+6),"◆","") | H6: =IF(AND($F6<>"",$E6>=H$5,$E6<=H$5+6),"◆","") | I6: =IF(AND($F6<>"",$E6>=I$5,$E6<=I$5+6),"◆","") | J6: =IF(AND($F6<>"",$E6>=J$5,$E6<=J$5+6),"◆","") | K6: =IF(AND($F6<>"",$E6>=K$5,$E6<=K$5+6),"◆","") | L6: =IF(AND($F6<>"",$E6>=L$5,$E6<=L$5+6),"◆","") | M6: =IF(AND($F6<>"",$E6>=M$5,$E6<=M$5+6),"◆","") | N6: =IF(AND($F6<>"",$E6>=N$5,$E6<=N$5+6),"◆","") | ... T6: =IF(AND($F6<>"",$E6>=T$5,$E6<=T$5+6),"◆","")
A7: =WBS_Schedule!A6 -> 1.2 | B7: =WBS_Schedule!B6 -> Assess current databases | C7: =WBS_Schedule!C6 -> Planning | D7: =WBS_Schedule!E6 -> 46330 | E7: =WBS_Schedule!F6 -> 46336 | F7: =WBS_Schedule!J6 | G7: =IF(AND($F7<>"",$E7>=G$5,$E7<=G$5+6),"◆","") | H7: =IF(AND($F7<>"",$E7>=H$5,$E7<=H$5+6),"◆","") | I7: =IF(AND($F7<>"",$E7>=I$5,$E7<=I$5+6),"◆","") | J7: =IF(AND($F7<>"",$E7>=J$5,$E7<=J$5+6),"◆","") | K7: =IF(AND($F7<>"",$E7>=K$5,$E7<=K$5+6),"◆","") | L7: =IF(AND($F7<>"",$E7>=L$5,$E7<=L$5+6),"◆","") | M7: =IF(AND($F7<>"",$E7>=M$5,$E7<=M$5+6),"◆","") | N7: =IF(AND($F7<>"",$E7>=N$5,$E7<=N$5+6),"◆","") | ... T7: =IF(AND($F7<>"",$E7>=T$5,$E7<=T$5+6),"◆","")
A8: =WBS_Schedule!A7 -> 1.3 | B8: =WBS_Schedule!B7 -> Prepare migration plan | C8: =WBS_Schedule!C7 -> Planning | D8: =WBS_Schedule!E7 -> 46337 | E8: =WBS_Schedule!F7 -> 46342 | F8: =WBS_Schedule!J7 -> Plan approved | G8: =IF(AND($F8<>"",$E8>=G$5,$E8<=G$5+6),"◆","") | H8: =IF(AND($F8<>"",$E8>=H$5,$E8<=H$5+6),"◆","") | I8: =IF(AND($F8<>"",$E8>=I$5,$E8<=I$5+6),"◆","") -> ◆ | J8: =IF(AND($F8<>"",$E8>=J$5,$E8<=J$5+6),"◆","") | K8: =IF(AND($F8<>"",$E8>=K$5,$E8<=K$5+6),"◆","") | L8: =IF(AND($F8<>"",$E8>=L$5,$E8<=L$5+6),"◆","") | M8: =IF(AND($F8<>"",$E8>=M$5,$E8<=M$5+6),"◆","") | N8: =IF(AND($F8<>"",$E8>=N$5,$E8<=N$5+6),"◆","") | ... T8: =IF(AND($F8<>"",$E8>=T$5,$E8<=T$5+6),"◆","")
A9: =WBS_Schedule!A8 -> 2.1 | B9: =WBS_Schedule!B8 -> Set up new servers | C9: =WBS_Schedule!C8 -> Setup | D9: =WBS_Schedule!E8 -> 46343 | E9: =WBS_Schedule!F8 -> 46349 | F9: =WBS_Schedule!J8 | G9: =IF(AND($F9<>"",$E9>=G$5,$E9<=G$5+6),"◆","") | H9: =IF(AND($F9<>"",$E9>=H$5,$E9<=H$5+6),"◆","") | I9: =IF(AND($F9<>"",$E9>=I$5,$E9<=I$5+6),"◆","") | J9: =IF(AND($F9<>"",$E9>=J$5,$E9<=J$5+6),"◆","") | K9: =IF(AND($F9<>"",$E9>=K$5,$E9<=K$5+6),"◆","") | L9: =IF(AND($F9<>"",$E9>=L$5,$E9<=L$5+6),"◆","") | M9: =IF(AND($F9<>"",$E9>=M$5,$E9<=M$5+6),"◆","") | N9: =IF(AND($F9<>"",$E9>=N$5,$E9<=N$5+6),"◆","") | ... T9: =IF(AND($F9<>"",$E9>=T$5,$E9<=T$5+6),"◆","")
A10: =WBS_Schedule!A9 -> 2.2 | B10: =WBS_Schedule!B9 -> Install Oracle 21c | C10: =WBS_Schedule!C9 -> Setup | D10: =WBS_Schedule!E9 -> 46350 | E10: =WBS_Schedule!F9 -> 46352 | F10: =WBS_Schedule!J9 | G10: =IF(AND($F10<>"",$E10>=G$5,$E10<=G$5+6),"◆","") | H10: =IF(AND($F10<>"",$E10>=H$5,$E10<=H$5+6),"◆","") | I10: =IF(AND($F10<>"",$E10>=I$5,$E10<=I$5+6),"◆","") | J10: =IF(AND($F10<>"",$E10>=J$5,$E10<=J$5+6),"◆","") | K10: =IF(AND($F10<>"",$E10>=K$5,$E10<=K$5+6),"◆","") | L10: =IF(AND($F10<>"",$E10>=L$5,$E10<=L$5+6),"◆","") | M10: =IF(AND($F10<>"",$E10>=M$5,$E10<=M$5+6),"◆","") | N10: =IF(AND($F10<>"",$E10>=N$5,$E10<=N$5+6),"◆","") | ... T10: =IF(AND($F10<>"",$E10>=T$5,$E10<=T$5+6),"◆","")
A11: =WBS_Schedule!A10 -> 2.3 | B11: =WBS_Schedule!B10 -> Configure backup and recovery | C11: =WBS_Schedule!C10 -> Setup | D11: =WBS_Schedule!E10 -> 46353 | E11: =WBS_Schedule!F10 -> 46358 | F11: =WBS_Schedule!J10 -> Environment ready | G11: =IF(AND($F11<>"",$E11>=G$5,$E11<=G$5+6),"◆","") | H11: =IF(AND($F11<>"",$E11>=H$5,$E11<=H$5+6),"◆","") | I11: =IF(AND($F11<>"",$E11>=I$5,$E11<=I$5+6),"◆","") | J11: =IF(AND($F11<>"",$E11>=J$5,$E11<=J$5+6),"◆","") | K11: =IF(AND($F11<>"",$E11>=K$5,$E11<=K$5+6),"◆","") -> ◆ | L11: =IF(AND($F11<>"",$E11>=L$5,$E11<=L$5+6),"◆","") | M11: =IF(AND($F11<>"",$E11>=M$5,$E11<=M$5+6),"◆","") | N11: =IF(AND($F11<>"",$E11>=N$5,$E11<=N$5+6),"◆","") | ... T11: =IF(AND($F11<>"",$E11>=T$5,$E11<=T$5+6),"◆","")
A12: =WBS_Schedule!A11 -> 3.1 | B12: =WBS_Schedule!B11 -> Migrate test database | C12: =WBS_Schedule!C11 -> Migration | D12: =WBS_Schedule!E11 -> 46359 | E12: =WBS_Schedule!F11 -> 46365 | F12: =WBS_Schedule!J11 | G12: =IF(AND($F12<>"",$E12>=G$5,$E12<=G$5+6),"◆","") | H12: =IF(AND($F12<>"",$E12>=H$5,$E12<=H$5+6),"◆","") | I12: =IF(AND($F12<>"",$E12>=I$5,$E12<=I$5+6),"◆","") | J12: =IF(AND($F12<>"",$E12>=J$5,$E12<=J$5+6),"◆","") | K12: =IF(AND($F12<>"",$E12>=K$5,$E12<=K$5+6),"◆","") | L12: =IF(AND($F12<>"",$E12>=L$5,$E12<=L$5+6),"◆","") | M12: =IF(AND($F12<>"",$E12>=M$5,$E12<=M$5+6),"◆","") | N12: =IF(AND($F12<>"",$E12>=N$5,$E12<=N$5+6),"◆","") | ... T12: =IF(AND($F12<>"",$E12>=T$5,$E12<=T$5+6),"◆","")
A13: =WBS_Schedule!A12 -> 3.2 | B13: =WBS_Schedule!B12 -> Validate data integrity | C13: =WBS_Schedule!C12 -> Migration | D13: =WBS_Schedule!E12 -> 46366 | E13: =WBS_Schedule!F12 -> 46371 | F13: =WBS_Schedule!J12 | G13: =IF(AND($F13<>"",$E13>=G$5,$E13<=G$5+6),"◆","") | H13: =IF(AND($F13<>"",$E13>=H$5,$E13<=H$5+6),"◆","") | I13: =IF(AND($F13<>"",$E13>=I$5,$E13<=I$5+6),"◆","") | J13: =IF(AND($F13<>"",$E13>=J$5,$E13<=J$5+6),"◆","") | K13: =IF(AND($F13<>"",$E13>=K$5,$E13<=K$5+6),"◆","") | L13: =IF(AND($F13<>"",$E13>=L$5,$E13<=L$5+6),"◆","") | M13: =IF(AND($F13<>"",$E13>=M$5,$E13<=M$5+6),"◆","") | N13: =IF(AND($F13<>"",$E13>=N$5,$E13<=N$5+6),"◆","") | ... T13: =IF(AND($F13<>"",$E13>=T$5,$E13<=T$5+6),"◆","")
A14: =WBS_Schedule!A13 -> 3.3 | B14: =WBS_Schedule!B13 -> Migrate user access and roles | C14: =WBS_Schedule!C13 -> Migration | D14: =WBS_Schedule!E13 -> 46372 | E14: =WBS_Schedule!F13 -> 46374 | F14: =WBS_Schedule!J13 | G14: =IF(AND($F14<>"",$E14>=G$5,$E14<=G$5+6),"◆","") | H14: =IF(AND($F14<>"",$E14>=H$5,$E14<=H$5+6),"◆","") | I14: =IF(AND($F14<>"",$E14>=I$5,$E14<=I$5+6),"◆","") | J14: =IF(AND($F14<>"",$E14>=J$5,$E14<=J$5+6),"◆","") | K14: =IF(AND($F14<>"",$E14>=K$5,$E14<=K$5+6),"◆","") | L14: =IF(AND($F14<>"",$E14>=L$5,$E14<=L$5+6),"◆","") | M14: =IF(AND($F14<>"",$E14>=M$5,$E14<=M$5+6),"◆","") | N14: =IF(AND($F14<>"",$E14>=N$5,$E14<=N$5+6),"◆","") | ... T14: =IF(AND($F14<>"",$E14>=T$5,$E14<=T$5+6),"◆","")
A15: =WBS_Schedule!A14 -> 4.1 | B15: =WBS_Schedule!B14 -> Performance testing | C15: =WBS_Schedule!C14 -> Testing | D15: =WBS_Schedule!E14 -> 46377 | E15: =WBS_Schedule!F14 -> 46381 | F15: =WBS_Schedule!J14 | G15: =IF(AND($F15<>"",$E15>=G$5,$E15<=G$5+6),"◆","") | H15: =IF(AND($F15<>"",$E15>=H$5,$E15<=H$5+6),"◆","") | I15: =IF(AND($F15<>"",$E15>=I$5,$E15<=I$5+6),"◆","") | J15: =IF(AND($F15<>"",$E15>=J$5,$E15<=J$5+6),"◆","") | K15: =IF(AND($F15<>"",$E15>=K$5,$E15<=K$5+6),"◆","") | L15: =IF(AND($F15<>"",$E15>=L$5,$E15<=L$5+6),"◆","") | M15: =IF(AND($F15<>"",$E15>=M$5,$E15<=M$5+6),"◆","") | N15: =IF(AND($F15<>"",$E15>=N$5,$E15<=N$5+6),"◆","") | ... T15: =IF(AND($F15<>"",$E15>=T$5,$E15<=T$5+6),"◆","")
A16: =WBS_Schedule!A15 -> 4.2 | B16: =WBS_Schedule!B15 -> User acceptance testing (UAT) | C16: =WBS_Schedule!C15 -> Testing | D16: =WBS_Schedule!E15 -> 46384 | E16: =WBS_Schedule!F15 -> 46388 | F16: =WBS_Schedule!J15 | G16: =IF(AND($F16<>"",$E16>=G$5,$E16<=G$5+6),"◆","") | H16: =IF(AND($F16<>"",$E16>=H$5,$E16<=H$5+6),"◆","") | I16: =IF(AND($F16<>"",$E16>=I$5,$E16<=I$5+6),"◆","") | J16: =IF(AND($F16<>"",$E16>=J$5,$E16<=J$5+6),"◆","") | K16: =IF(AND($F16<>"",$E16>=K$5,$E16<=K$5+6),"◆","") | L16: =IF(AND($F16<>"",$E16>=L$5,$E16<=L$5+6),"◆","") | M16: =IF(AND($F16<>"",$E16>=M$5,$E16<=M$5+6),"◆","") | N16: =IF(AND($F16<>"",$E16>=N$5,$E16<=N$5+6),"◆","") | ... T16: =IF(AND($F16<>"",$E16>=T$5,$E16<=T$5+6),"◆","")
A17: =WBS_Schedule!A16 -> 4.3 | B17: =WBS_Schedule!B16 -> Fix defects and retest | C17: =WBS_Schedule!C16 -> Testing | D17: =WBS_Schedule!E16 -> 46391 | E17: =WBS_Schedule!F16 -> 46394 | F17: =WBS_Schedule!J16 -> UAT sign-off | G17: =IF(AND($F17<>"",$E17>=G$5,$E17<=G$5+6),"◆","") | H17: =IF(AND($F17<>"",$E17>=H$5,$E17<=H$5+6),"◆","") | I17: =IF(AND($F17<>"",$E17>=I$5,$E17<=I$5+6),"◆","") | J17: =IF(AND($F17<>"",$E17>=J$5,$E17<=J$5+6),"◆","") | K17: =IF(AND($F17<>"",$E17>=K$5,$E17<=K$5+6),"◆","") | L17: =IF(AND($F17<>"",$E17>=L$5,$E17<=L$5+6),"◆","") | M17: =IF(AND($F17<>"",$E17>=M$5,$E17<=M$5+6),"◆","") | N17: =IF(AND($F17<>"",$E17>=N$5,$E17<=N$5+6),"◆","") | ... T17: =IF(AND($F17<>"",$E17>=T$5,$E17<=T$5+6),"◆","")
... A21: =WBS_Schedule!A20 -> 6.2 | B21: =WBS_Schedule!B20 -> Project closure and lessons learned | C21: =WBS_Schedule!C20 -> Handover | D21: =WBS_Schedule!E20 -> 46408 | E21: =WBS_Schedule!F20 -> 46409 | F21: =WBS_Schedule!J20 -> Project closed | G21: =IF(AND($F21<>"",$E21>=G$5,$E21<=G$5+6),"◆","") | H21: =IF(AND($F21<>"",$E21>=H$5,$E21<=H$5+6),"◆","") | I21: =IF(AND($F21<>"",$E21>=I$5,$E21<=I$5+6),"◆","") | J21: =IF(AND($F21<>"",$E21>=J$5,$E21<=J$5+6),"◆","") | K21: =IF(AND($F21<>"",$E21>=K$5,$E21<=K$5+6),"◆","") | L21: =IF(AND($F21<>"",$E21>=L$5,$E21<=L$5+6),"◆","") | M21: =IF(AND($F21<>"",$E21>=M$5,$E21<=M$5+6),"◆","") | N21: =IF(AND($F21<>"",$E21>=N$5,$E21<=N$5+6),"◆","") | ... T21: =IF(AND($F21<>"",$E21>=T$5,$E21<=T$5+6),"◆","")
B23: Legend (phase colours)
C24: Planning
C25: Setup
C26: Migration
C27: Testing
C28: Go-Live
C29: Handover
C30: ◆ Milestone

Sheet Milestones
A1: MILESTONE TRACKER
A2: A milestone is reached when its linked task finishes. Change the Linked Task ID (blue) to move a milestone.
A4: Milestone | B4: Linked Task ID | C4: Linked Task | D4: Target Date | E4: Status
A5: Plan approved | B5: 1.3 | C5: =INDEX(WBS_Schedule!$B$5:$B$20,MATCH(B5,WBS_Schedule!$A$5:$A$20,0)) -> Prepare migration plan | D5: =INDEX(WBS_Schedule!$F$5:$F$20,MATCH(B5,WBS_Schedule!$A$5:$A$20,0)) -> 46342 | E5: =IF(INDEX(WBS_Schedule!$I$5:$I$20,MATCH(B5,WBS_Schedule!$A$5:$A$20,0))>=1,"Completed","Pending") -> Pending
A6: Environment ready | B6: 2.3 | C6: =INDEX(WBS_Schedule!$B$5:$B$20,MATCH(B6,WBS_Schedule!$A$5:$A$20,0)) -> Configure backup and recovery | D6: =INDEX(WBS_Schedule!$F$5:$F$20,MATCH(B6,WBS_Schedule!$A$5:$A$20,0)) -> 46358 | E6: =IF(INDEX(WBS_Schedule!$I$5:$I$20,MATCH(B6,WBS_Schedule!$A$5:$A$20,0))>=1,"Completed","Pending") -> Pending
A7: UAT sign-off | B7: 4.3 | C7: =INDEX(WBS_Schedule!$B$5:$B$20,MATCH(B7,WBS_Schedule!$A$5:$A$20,0)) -> Fix defects and retest | D7: =INDEX(WBS_Schedule!$F$5:$F$20,MATCH(B7,WBS_Schedule!$A$5:$A$20,0)) -> 46394 | E7: =IF(INDEX(WBS_Schedule!$I$5:$I$20,MATCH(B7,WBS_Schedule!$A$5:$A$20,0))>=1,"Completed","Pending") -> Pending
A8: Go-live | B8: 5.1 | C8: =INDEX(WBS_Schedule!$B$5:$B$20,MATCH(B8,WBS_Schedule!$A$5:$A$20,0)) -> Go-live cutover | D8: =INDEX(WBS_Schedule!$F$5:$F$20,MATCH(B8,WBS_Schedule!$A$5:$A$20,0)) -> 46398 | E8: =IF(INDEX(WBS_Schedule!$I$5:$I$20,MATCH(B8,WBS_Schedule!$A$5:$A$20,0))>=1,"Completed","Pending") -> Pending
A9: Project closed | B9: 6.2 | C9: =INDEX(WBS_Schedule!$B$5:$B$20,MATCH(B9,WBS_Schedule!$A$5:$A$20,0)) -> Project closure and lessons learned | D9: =INDEX(WBS_Schedule!$F$5:$F$20,MATCH(B9,WBS_Schedule!$A$5:$A$20,0)) -> 46409 | E9: =IF(INDEX(WBS_Schedule!$I$5:$I$20,MATCH(B9,WBS_Schedule!$A$5:$A$20,0))>=1,"Completed","Pending") -> Pending
